"Guid","Name","PHONE__c"
0e683600-d8a8-48c4-b2a0-56c093c81371,custom9,9
38080587-4eb6-48e6-a31b-a16d50628a4b,custom2,2
47d08ed0-6126-45fa-9636-b6603e4ef608,custom4,4
568bdcb6-6f98-4cb0-8ad0-5500541607df,custom8,8
65ebff0d-ef07-4fee-a05b-7613bbb1d623,custom3,3
7774f5a4-8c55-43c0-8a5d-8ce61a61f431,custom5,5
849259d1-16b4-4cc3-a220-b92599737982,custom7,7
e73752a3-a26a-44fd-964d-6be6aadd66b4,custom6,6
f1157ea4-44c0-4a7e-9486-973b1fbfc02b,Custom1,1
fef4eb24-00f3-49ee-9795-0dabb648d685,custom10,10
